weeks,error,max
2,1.5947614635708673,2.9981505659212626
3,0.8004358242233481,1.6096029880752842
4,0.6765572698515763,1.6416231005916782
